id,author,title,content,date,likes
2,VoltMaster,"💬 전기인들의 자유로운 소통 공간, '자유게시판'에 오신 것을 환영합니다!","이곳은 현장의 땀방울, 자격증 준비의 고충, 그리고 소소한 일상까지 무엇이든 자유롭게 나누는 우리만의 전력 공급소입니다. 편안한 마음으로 스위치를 켜고 이야기를 시작해 주세요!  
  
📌 게시판 이용 가이드  
  
원하는 닉네임으로 자유롭게, 완벽한 익명 보장: 본명을 밝힐 필요 없이 본인이 원하는 닉네임을 자유롭게 작성해 주시면 됩니다. 직급, 연차, 나이의 꼬리표를 떼고 동료로서 편안하게 이야기를 남겨주세요!  
  
⚡ '가압'으로 짜릿하게 공감하기: 공감 가는 글이나 유익한 팁, 위로가 필요한 사연에는 가압(⚡) 버튼을 꾹 눌러주세요! 서로의 글에 팍팍 전압을 넣어주며 활기찬 게시판을 만들어보아요.  
  
🚫 클린한 전력망 유지 (매너 필수): 익명이 주는 자유만큼 서로를 향한 배려도 중요합니다. 상호 비방, 욕설, 음담패설 등 타인에게 불쾌감을 주거나 누전(갈등)을 일으키는 표현은 엄격히 자제해 주세요. 부적절한 게시글은 무통보 삭제될 수 있습니다.  
  
🏆 우측을 확인하세요! '명예의 전당' 랭킹 시스템  
  
동료들의 **가압(⚡)**을 가장 많이 받은 인기글은 화면 우측의 '명예의 전당'에 영구적으로 기록됩니다. 단순히 한 번 보이고 마는 것이 아니라 주간, 월간, 연간 단위로 실시간 카운트되어 누적되니, 현장의 생생한 썰이나 번뜩이는 노하우로 연간 베스트셀러에 도전해 보세요!  
  
그리고 혹시 또 아나요? 명예의 전당 VIP석에 오르신 분들께 VoltMaster가 남몰래 짜릿한 '특고압 서프라이즈 보상'을 송전해 드릴 준비를 하고 있을지...! 😎🎁",2026-03-10 04:51:46.713766,4
