category,title,content,date
안내,📢  VoltMaster 서비스 오픈 현황 및 향후 업데이트 일정,"안녕하세요, 대한민국 전기인의 스마트한 파트너 **VoltMaster (ai-electutor.com)**입니다.  
  
공식 오픈과 함께 보내주신 많은 관심에 깊이 감사드립니다. VoltMaster는 현장 실무의 효율성을 극대화하고, 최고 난이도의 자격증 합격을 돕기 위해 단계별로 서비스를 오픈하고 있습니다.  
  
현재 완벽하게 이용 가능한 서비스와, 더 정밀한 데이터 학습을 거쳐 곧 선보일 업데이트 예정 기능을 아래와 같이 안내해 드립니다.  
  
✅ 현재 이용 가능한 서비스 (OPEN)  
가장 빠르고 정확한 실무 계산과, 기술사 합격을 위한 AI 심층 분석을 지금 바로 경험해 보세요.  
  
⚡ VoltMaster 홈  
  
🧮 실무 전력 계산기: 복잡한 수식 없이 현장에서 모바일로 즉시 결과를 도출하는 스마트 계산기  
  
🥇 건축전기설비기술사: 105회~138회 빅데이터 기반 AI 심층 출제 시나리오 및 핵심 100선 리포트  
  
  
🚧 오픈 준비 중인 서비스 (COMING SOON)  
기사/기능사 수험생을 위한 AI 맞춤형 튜터링과 현장 실무자를 위한 강력한 아카이브 기능이 현재 구축 중입니다. 데이터의 정확성과 사용 편의성을 극대화하여 순차적으로 오픈될 예정입니다.  
  
✨ AI 튜터 메인/통계: 자격증별 최신 출제 트렌드 및 합격 지표 종합 대시보드  
  
🥈 전기기사 / 🥉 전기산업기사: 필기 300선 및 실기 50선 핀셋 추출 리포트  
  
🎖️ 전기기능사: CBT 문제은행 특화 180선 맞춤형 튜터링  
  
🔍 KEC 스마트 검색기: 방대하고 헷갈리는 한국전기설비규정(KEC)을 키워드로 빠르고 정확하게 탐색  
  
📚 설비 아카이브: 현장 문제 해결을 위한 필수 기술 자료 및 장비 매뉴얼 통합 라이브러리  
  
📝 현장 점검 양식: 실무에 바로 출력하여 적용할 수 있는 최신 검측 및 안전 점검 포맷  
  
VoltMaster는 단순히 머물러 있는 사이트가 아니라, 여러분의 피드백을 바탕으로 매일 진화하는 플랫폼이 되겠습니다. 새롭게 오픈되는 기능들은 구축이 완료되는 대로 본 공지사항을 통해 가장 먼저 알려드리겠습니다.  
  
현장의 목소리에 귀 기울이는 VoltMaster가 되겠습니다. 서비스 이용 중 궁금하신 점이나 건의 사항은 언제든 '소통 및 고객지원' 게시판을 통해 남겨주세요!  
  
🌐 VoltMaster 팀 드림",2026-03-10
공지,"🚀 [공식 오픈] 대한민국 전기인을 위한 AI 혁신 플랫폼, ai-electutor.com이 문을 엽니다!","안녕하세요.  
수만 건의 빅데이터와 첨단 AI 기술을 결합하여, 예비 전기인부터 현장의 최고 기술자까지 모두를 위한 가장 스마트한 파트너 **VoltMaster (ai-electutor.com)**가 마침내 공식 오픈했습니다!  
  
단순한 인터넷 강의나 자료실을 넘어, 자격증 합격의 지름길을 제시하고 현장의 복잡한 실무를 단숨에 해결해 줄 VoltMaster만의 핵심 커리큘럼을 소개합니다.  
  
🎯 Part 1. 압도적 적중률, AI 기반 자격증 패스파인더  
과거의 방대한 기출문제를 AI가 정밀 분석하여, 불필요한 학습 시간을 줄이고 합격률을 극대화합니다.  
  
✨ AI 튜터 메인/통계: 한눈에 파악하는 최신 출제 트렌드와 종목별 합격 지표  
  
🥇 건축전기설비기술사: 1교시 단답형부터 4교시 논술형까지, 실무와 연계된 고득점 시나리오 분석  
  
🥈 전기기사 / 🥉 전기산업기사: 필기/실기 빈출 패턴 분석 및 핀셋 예상 문제 추출  
  
🎖️ 전기기능사: CBT 문제은행 데이터에 기반한 100% 맞춤형 핵심 암기 전략 제공  
  
🛠️ Part 2. 현장 업무의 효율을 높이는 스마트 실무 유틸리티  
도면 설계부터 현장 검측, 규정 확인까지 실무자의 시간과 노력을 획기적으로 덜어드립니다.  
  
🧮 실무 전력 계산기: 복잡한 수식 없이 현장에서 모바일로 즉시 결과값을 도출하는 스마트 계산기  
  
🔍 KEC 스마트 검색기: 방대하고 헷갈리는 한국전기설비규정(KEC)을 키워드 하나로 빠르고 정확하게 탐색  
  
📝 현장 점검 양식: 실무에 바로 출력하여 적용할 수 있는 최신 검측 및 안전 점검 포맷 제공  
  
📚 설비 아카이브: 현장 문제 해결을 위한 필수 기술 자료와 도면, 장비 매뉴얼 도서관  
  
☕ Part 3. 인사이트와 소통의 공간  
☕ 전기인의 핫플 & 트렌드: 업계 최신 기술 동향, 정책 변화, 그리고 선후배 전기인들이 생생하게 소통하는 커뮤니티 공간  
  
⚡ VoltMaster 홈에서 이 모든 혁신적인 기능을 지금 바로 경험하실 수 있습니다.  
  
ai-electutor.com은 여러분이 전기 분야의 진정한 마스터(Master)로 성장하는 모든 여정에 가장 든든하고 정확한 내비게이션이 되겠습니다. 지금 바로 접속하여 AI가 선사하는 놀라운 효율성을 직접 확인해 보세요!  
  
🌐 접속하기: ai-electutor.com",2026-03-10
